{
    "Global_MAE": 16.95953941345215,
    "Global_RMSE": 22.736928013867935,
    "Global_R2": 0.7201614379882812,
    "Global_Bias": -1.4514275789260864,
    "Global_Median_Absolute_Error": 11.364978790283203,
    "Global_Dangerous_Overestimation_Pct": 45.16129032258064,
    "Global_Underestimation_Pct": 54.43548387096774,
    "Global_Within_5_Cycles_Pct": 19.35483870967742,
    "Global_Within_10_Cycles_Pct": 39.11290322580645,
    "Global_Within_15_Cycles_Pct": 60.08064516129033,
    "Safety_Adjusted_MAE": 22.659257888793945,
    "Safety_Adjusted_RMSE": 27.93257415152547,
    "Safety_Adjusted_R2": 0.5776564478874207,
    "Safety_Adjusted_Bias": -16.248653411865234,
    "Safety_Adjusted_Median_Absolute_Error": 21.359657287597656,
    "Safety_Adjusted_Dangerous_Overestimation_Pct": 19.758064516129032,
    "Safety_Adjusted_Underestimation_Pct": 80.24193548387096,
    "Safety_Adjusted_Within_5_Cycles_Pct": 9.67741935483871,
    "Safety_Adjusted_Within_10_Cycles_Pct": 24.596774193548388,
    "Safety_Adjusted_Within_15_Cycles_Pct": 38.306451612903224,
    "High_RUL_MAE": 17.753725051879883,
    "High_RUL_RMSE": 23.081987288945275,
    "High_RUL_R2": -1.438225269317627,
    "High_RUL_Bias": -11.490809440612793,
    "High_RUL_Median_Absolute_Error": 12.100456237792969,
    "High_RUL_Dangerous_Overestimation_Pct": 22.22222222222222,
    "High_RUL_Underestimation_Pct": 77.03703703703704,
    "High_RUL_Within_5_Cycles_Pct": 9.62962962962963,
    "High_RUL_Within_10_Cycles_Pct": 31.11111111111111,
    "High_RUL_Within_15_Cycles_Pct": 59.25925925925925,
    "High_RUL_Samples": 135,
    "Mid_RUL_MAE": 23.121984481811523,
    "Mid_RUL_RMSE": 28.954773462246255,
    "Mid_RUL_R2": -2.443934440612793,
    "Mid_RUL_Bias": 14.119491577148438,
    "Mid_RUL_Median_Absolute_Error": 19.902629852294922,
    "Mid_RUL_Dangerous_Overestimation_Pct": 63.33333333333333,
    "Mid_RUL_Underestimation_Pct": 36.666666666666664,
    "Mid_RUL_Within_5_Cycles_Pct": 20.0,
    "Mid_RUL_Within_10_Cycles_Pct": 31.666666666666664,
    "Mid_RUL_Within_15_Cycles_Pct": 40.0,
    "Mid_RUL_Samples": 60,
    "End_of_Life_MAE": 7.960271835327148,
    "End_of_Life_RMSE": 10.622385937623077,
    "End_of_Life_R2": -2.003389835357666,
    "End_of_Life_Bias": 6.493125915527344,
    "End_of_Life_Median_Absolute_Error": 6.8466644287109375,
    "End_of_Life_Dangerous_Overestimation_Pct": 83.01886792452831,
    "End_of_Life_Underestimation_Pct": 16.9811320754717,
    "End_of_Life_Within_5_Cycles_Pct": 43.39622641509434,
    "End_of_Life_Within_10_Cycles_Pct": 67.9245283018868,
    "End_of_Life_Within_15_Cycles_Pct": 84.90566037735849,
    "End_of_Life_Samples": 53,
    "Validation_Threshold_Neural_Accuracy": 0.8951612903225806,
    "Validation_Threshold_Neural_Precision": 0.6901408450704225,
    "Validation_Threshold_Neural_Recall": 0.9245283018867925,
    "Validation_Threshold_Neural_F1": 0.7903225806451613,
    "Validation_Threshold_Neural_TN": 173,
    "Validation_Threshold_Neural_FP": 22,
    "Validation_Threshold_Neural_FN": 4,
    "Validation_Threshold_Neural_TP": 49,
    "Validation_Threshold_Neural_ROC_AUC": 0.976487663280116,
    "Validation_Threshold_Neural_Average_Precision": 0.9196781657462444,
    "Safety_Accuracy": 0.8951612903225806,
    "Safety_Precision": 0.6708860759493671,
    "Safety_Recall": 1.0,
    "Safety_F1": 0.803030303030303,
    "Safety_TN": 169,
    "Safety_FP": 26,
    "Safety_FN": 0,
    "Safety_TP": 53,
    "Safety_ROC_AUC": 0.9783260764392839,
    "Safety_Average_Precision": 0.9250781949056943,
    "Hybrid_Accuracy": 0.8790322580645161,
    "Hybrid_Precision": 0.6385542168674698,
    "Hybrid_Recall": 1.0,
    "Hybrid_F1": 0.7794117647058824,
    "Hybrid_TN": 165,
    "Hybrid_FP": 30,
    "Hybrid_FN": 0,
    "Hybrid_TP": 53,
    "Hybrid_ROC_AUC": 0.9774552491533623,
    "Hybrid_Average_Precision": 0.9210783979226473,
    "Posthoc_Neural_Accuracy": 0.9314516129032258,
    "Posthoc_Neural_Precision": 0.8214285714285714,
    "Posthoc_Neural_Recall": 0.8679245283018868,
    "Posthoc_Neural_F1": 0.8440366972477065,
    "Posthoc_Neural_TN": 185,
    "Posthoc_Neural_FP": 10,
    "Posthoc_Neural_FN": 7,
    "Posthoc_Neural_TP": 46,
    "Posthoc_Neural_ROC_AUC": 0.976487663280116,
    "Posthoc_Neural_Average_Precision": 0.9196781657462444,
    "NASA_PHM_Score_Raw": 4317.0849609375,
    "NASA_PHM_Score_Safety_Adjusted": 5690.88720703125,
    "Safety_Margin": 15.0,
    "Validation_Selected_Fail_Probability_Threshold": 0.01,
    "Posthoc_Test_Optimized_Fail_Probability_Threshold": 0.24000000000000002
}